Calculus course,Calculus topic,CS topic,Strength,Rationale,Retrieval Sources
Calculus I,The limit concept,Probabilistic reasoning,1,"The concept of limits in calculus is foundational for understanding expected values in probabilistic reasoning. In probability theory, the expected value \(E(X)\) of a random variable \(X\) represents the weighted average of all possible outcomes, where the weights are given by their probabilities. For discrete random variables, \(E(X) = \sum_{i} x_i P(X = x_i)\), and for continuous random variables, \(E(X) = \int_{-\infty}^\infty x P(x) \, dx\). These formulations rely on the convergence of sums or integrals, which is inherently tied to the limit concept. For example, in machine learning, an agent may estimate the expected reward of an action by summing or integrating over possible outcomes, ensuring convergence to a meaningful value using limits.","Introduction_to_algorithms-3rd Edition.pdf (p.1218); AI_Russell_Norvig.pdf (p.1077); AI_Russell_Norvig.pdf (p.522); AI_Russell_Norvig.pdf (p.502); Marschner, Shirley - Fundamentals of Computer Graphics (4th ed).pdf (p.358); AI_Russell_Norvig.pdf (p.629)"
Calculus I,The limit concept,Probabilistic reasoning over time,1,"The concept of limits in calculus is foundational for understanding change and continuity, which are critical in probabilistic reasoning over time in computer science. Limits allow us to model how probabilities evolve as time approaches a specific point or infinity, enabling precise predictions in dynamic systems. For example, Bayesian networks often rely on updating probabilities based on new evidence over time. This process involves calculating conditional probabilities that may depend on continuous changes, which can be approximated using limits. By understanding limits, computer scientists can better design algorithms for reasoning under uncertainty, such as tracking the likelihood of events in real-time systems.",AI_Russell_Norvig.pdf (p.799); AI_Russell_Norvig.pdf (p.502); AI_Russell_Norvig.pdf (p.577); AI_Russell_Norvig.pdf (p.28); AI_Russell_Norvig.pdf (p.489); AI_Russell_Norvig.pdf (p.1068)
Calculus I,The limit concept,Multiagent decision making,1,"The concept of limits in calculus is fundamental to multiagent decision-making in computer science, particularly in utility-based frameworks. Utility functions, which quantify an agent's preferences, often involve scenarios where outcomes approach optimal values asymptotically. For example, in mechanisms addressing externalities like carbon taxes, agents aim to maximize global utility by making local decisions. Here, the limit concept helps model how individual actions converge toward maximizing collective utility as constraints or incentives are adjusted. Mathematically, if \( U(x) \) represents utility as a function of an agent's decision \( x \), the behavior of \( U(x) \) as \( x \to \infty \) or \( x \to c \) (a critical value) can determine optimal strategies, ensuring rationality and efficiency in complex systems.",AI_Russell_Norvig.pdf (p.634); AI_Russell_Norvig.pdf (p.702); AI_Russell_Norvig.pdf (p.629); AI_Russell_Norvig.pdf (p.72); AI_Russell_Norvig.pdf (p.656); AI_Russell_Norvig.pdf (p.644)
Calculus I,The limit concept,Probabilistic programming,1,"The concept of limits in calculus is fundamental to understanding the behavior of probabilistic programming algorithms like Markov Chain Monte Carlo (MCMC). MCMC algorithms aim to approximate posterior distributions by generating samples that converge to the true distribution over time. This convergence is inherently tied to the limit concept, as the accuracy of the approximation improves as the number of iterations approaches infinity. For example, if an MCMC algorithm is not ""well-mixed,"" the samples may fail to represent the true distribution, even after many iterations. Thus, analyzing the rate of convergence and ensuring proper mixing are critical for reliable probabilistic inference, directly connecting calculus limits to algorithmic performance.",AI_Russell_Norvig.pdf (p.554); AI_Russell_Norvig.pdf (p.565); AI_Russell_Norvig.pdf (p.573); AI_Russell_Norvig.pdf (p.549); AI_Russell_Norvig.pdf (p.555); AI_Russell_Norvig.pdf (p.563)
Calculus I,Graphical and numerical limits,Reinforcement learning,1,"Graphical and numerical limits in calculus are essential for understanding convergence, a concept central to reinforcement learning. In reinforcement learning, algorithms like value iteration rely on the convergence of the value function to a solution of the Bellman equations. This convergence ensures that the algorithm identifies optimal policies over time. Mathematically, the process involves iteratively updating the value function \( V(s) \) for states \( s \) until the difference between successive iterations approaches zero, i.e., \( \lim_{n \to \infty} |V_{n+1}(s) - V_n(s)| = 0 \). For example, in large state spaces, approximate functional representations and temporal-difference methods use this principle to refine predictions and improve decision-making. Understanding limits helps ensure stability and accuracy in these iterative updates.",AI_Russell_Norvig.pdf (p.1090); AI_Russell_Norvig.pdf (p.673); AI_Russell_Norvig.pdf (p.872); AI_Russell_Norvig.pdf (p.874); AI_Russell_Norvig.pdf (p.799); AI_Russell_Norvig.pdf (p.866)
Calculus I,Limits at infinity and infinite limits,Probabilistic reasoning,2,"The concept of limits at infinity and infinite limits is essential in probabilistic reasoning, particularly in understanding stationary distributions. A stationary distribution represents a stable probability distribution that a stochastic process converges to as time approaches infinity. This convergence relies on the mathematical idea of \(\lim_{t \to \infty} P_t = P_{\text{stationary}}\), where \(P_t\) is the probability distribution at time \(t\). For example, in Markov chains, repeated sampling eventually leads to a stationary distribution, regardless of the initial state. This principle is foundational in computer science applications such as probabilistic analysis, decision theory, and machine learning, where long-term behavior and stability are critical for modeling uncertainty and optimizing outcomes.","Introduction_to_algorithms-3rd Edition.pdf (p.136); AI_Russell_Norvig.pdf (p.522); AI_Russell_Norvig.pdf (p.1076); Introduction_to_algorithms-3rd Edition.pdf (p.1211); Marschner, Shirley - Fundamentals of Computer Graphics (4th ed).pdf (p.368); AI_Russell_Norvig.pdf (p.727)"
Calculus I,Limits at infinity and infinite limits,Probabilistic reasoning over time,2,"The concept of limits at infinity is essential in probabilistic reasoning over time, particularly when analyzing stationary distributions in stochastic processes. A stationary distribution represents a probability distribution that remains constant as time approaches infinity, implying the system has reached equilibrium. Mathematically, this involves evaluating \(\lim_{t \to \infty} P_t(x)\), where \(P_t(x)\) is the probability of a state \(x\) at time \(t\). For example, in Markov chains, the probabilities of states converge to a stationary distribution under certain conditions. Understanding limits at infinity allows computer scientists to model long-term behavior in systems like recommendation algorithms or simulations, ensuring predictions remain stable over time.","Introduction_to_algorithms-3rd Edition.pdf (p.136); AI_Russell_Norvig.pdf (p.522); AI_Russell_Norvig.pdf (p.727); Introduction_to_algorithms-3rd Edition.pdf (p.1211); Marschner, Shirley - Fundamentals of Computer Graphics (4th ed).pdf (p.368); AI_Russell_Norvig.pdf (p.523)"
Calculus I,Limits at infinity and infinite limits,Multiagent decision making,2,"Limits at infinity and infinite limits are essential in multiagent decision-making, particularly in utility-based frameworks. Utility functions, which quantify the desirability of outcomes, often involve scenarios where agents aim to maximize utility over an infinite horizon or under conditions approaching infinity. For example, in the tragedy of the commons, agents might optimize local decisions to maximize global utility, effectively requiring calculations that approach limits as externalities are accounted for. By understanding limits, agents can model long-term impacts and ensure rational decisions under constraints. This connection highlights how calculus underpins the mathematical foundation of decision-theoretic agents in complex systems.",AI_Russell_Norvig.pdf (p.629); AI_Russell_Norvig.pdf (p.702); AI_Russell_Norvig.pdf (p.634); AI_Russell_Norvig.pdf (p.631); AI_Russell_Norvig.pdf (p.72); AI_Russell_Norvig.pdf (p.656)
Calculus I,Limits at infinity and infinite limits,Learning from examples,1,"Limits at infinity and infinite limits are essential in understanding the behavior of learning algorithms as they process increasingly large datasets or iterate over time. In machine learning, concepts like no-regret learning and gradient descent rely on analyzing sequences of updates or predictions and their asymptotic behavior. For example, stochastic gradient descent evaluates the convergence of a model's parameters as the number of training steps approaches infinity. Similarly, no-regret learning ensures that the cumulative loss of an algorithm asymptotically approaches the performance of the best possible expert. These ideas leverage limits to assess long-term performance and stability, making them critical for designing efficient and adaptive learning systems.",AI_Russell_Norvig.pdf (p.772); AI_Russell_Norvig.pdf (p.772); AI_Russell_Norvig.pdf (p.712); AI_Russell_Norvig.pdf (p.733); AI_Russell_Norvig.pdf (p.739); AI_Russell_Norvig.pdf (p.673)
Calculus I,Limits at infinity and infinite limits,Computer vision,1,"Limits at infinity and infinite limits are essential in computer vision, particularly in rendering and radiometry. Rendering involves creating shaded images from 3D models, where light interactions are modeled mathematically. Radiometry often assumes light as a continuum, enabling calculus tools like limits to analyze spectral energy \( Q(\lambda) \) as wavelength \(\lambda\) approaches infinity. For example, understanding how light intensity diminishes or saturates at extreme wavelengths helps optimize rendering algorithms for realistic visuals. Additionally, asymptotic analysis, a concept tied to limits, is used in computer vision algorithms to evaluate performance as input size grows, ensuring scalability and efficiency in processing large datasets.","Introduction_to_algorithms-3rd Edition.pdf (p.118); Marschner, Shirley - Fundamentals of Computer Graphics (4th ed).pdf (p.17); Marschner, Shirley - Fundamentals of Computer Graphics (4th ed).pdf (p.496); Introduction_to_algorithms-3rd Edition.pdf (p.1164); Marschner, Shirley - Fundamentals of Computer Graphics (4th ed).pdf (p.21); Introduction_to_algorithms-3rd Edition.pdf (p.68)"
Calculus I,Introduction to derivatives,Search in complex environments,2,"In computer science, derivatives play a crucial role in optimization techniques for searching complex environments. For example, the steepest-ascent hill climbing algorithm uses the gradient, a vector of partial derivatives, to determine the direction of the steepest slope in a continuous search space. The gradient \(\nabla f(x)\) provides local information about the function's rate of change, enabling iterative updates like \(x \gets x + \alpha \nabla f(x)\), where \(\alpha\) is the step size. Similarly, the Newton-Raphson method leverages derivatives to refine solutions by approximating roots of \(\nabla f(x) = 0\), which corresponds to finding maxima or minima. These methods illustrate how calculus concepts underpin efficient search strategies in dynamic and high-dimensional environments.",AI_Russell_Norvig.pdf (p.150); AI_Russell_Norvig.pdf (p.141); AI_Russell_Norvig.pdf (p.151); AI_Russell_Norvig.pdf (p.151); AI_Russell_Norvig.pdf (p.868); AI_Russell_Norvig.pdf (p.173)
Calculus I,Introduction to derivatives,Deep learning,2,"Understanding derivatives is essential in deep learning because they quantify the rate of change, which is central to optimizing neural networks. During backpropagation, derivatives of the loss function with respect to model parameters are computed to adjust weights and minimize error. For example, the gradient descent algorithm updates weights \( w_i \) using \( w_i \leftarrow w_i - \alpha \frac{\partial}{\partial w_i} \text{Loss}(w) \), where \( \alpha \) is the learning rate. This process relies on derivatives to determine the direction and magnitude of weight adjustments. Thus, derivatives enable efficient learning by guiding the network toward minimizing the loss function, improving predictive accuracy.","AI_Russell_Norvig.pdf (p.799); AI_Russell_Norvig.pdf (p.738); AI_Russell_Norvig.pdf (p.780); Marschner, Shirley - Fundamentals of Computer Graphics (4th ed).pdf (p.47); AI_Russell_Norvig.pdf (p.799); AI_Russell_Norvig.pdf (p.1109)"
Calculus I,Introduction to derivatives,Reinforcement learning,1,"In reinforcement learning, derivatives play a crucial role in optimizing policies and value functions. For example, the gradient of an error function, \( \frac{\partial E_j(s)}{\partial \theta_i} \), is used to adjust parameters \( \theta_i \) to minimize prediction errors. This adjustment ensures that the learned function, such as \( \hat{Q}_\theta(s, a) \), better approximates the true utility or Q-values. The differentiation power rule simplifies these calculations, especially when dealing with linear or nonlinear function approximators like neural networks. By iteratively updating parameters using derivatives, reinforcement learning algorithms improve decision-making policies, enabling agents to generalize from experiences and adapt to complex environments.",AI_Russell_Norvig.pdf (p.866); AI_Russell_Norvig.pdf (p.866); AI_Russell_Norvig.pdf (p.865); AI_Russell_Norvig.pdf (p.868); AI_Russell_Norvig.pdf (p.867); AI_Russell_Norvig.pdf (p.1018)
Calculus I,Introduction to derivatives,Robotics,2,"In robotics, derivatives play a crucial role in modeling and controlling dynamic systems. The derivative of a function, \( \frac{dy}{dx} \), measures the rate of change, such as velocity being the derivative of position with respect to time. In robotic motion, derivatives are used to describe kinematic states, including velocity and acceleration, which are essential for dynamic state representations. For example, a PID controller uses proportional, integral, and derivative terms to adjust a robot's movement based on errors in position or velocity over time. Understanding derivatives enables precise control and optimization of robotic systems, ensuring accurate and efficient operation in dynamic environments.","Marschner, Shirley - Fundamentals of Computer Graphics (4th ed).pdf (p.47); Marschner, Shirley - Fundamentals of Computer Graphics (4th ed).pdf (p.353); AI_Russell_Norvig.pdf (p.1018); AI_Russell_Norvig.pdf (p.1016); AI_Russell_Norvig.pdf (p.999); AI_Russell_Norvig.pdf (p.1002)"
Calculus I,Derivatives as functions,Computer vision,1,"Edge detection in computer vision relies on derivatives as functions to identify significant changes in image brightness, which correspond to edges. By applying a Gaussian convolution to smooth the image \(I\), the gradient \(\nabla(I \ast N_\sigma)\) is computed to capture the rate and direction of change in brightness. This process highlights areas where brightness transitions sharply, such as depth discontinuities or shadows. For example, detecting the edge between a desk and a wall involves analyzing the gradient magnitude along a cross-section perpendicular to the edge. Understanding derivatives enables algorithms to abstract complex image data into meaningful contours, facilitating tasks like object recognition and scene analysis.",AI_Russell_Norvig.pdf (p.958); AI_Russell_Norvig.pdf (p.955); AI_Russell_Norvig.pdf (p.986); AI_Russell_Norvig.pdf (p.955); AI_Russell_Norvig.pdf (p.987); AI_Russell_Norvig.pdf (p.987)
Calculus I,Basic differentiation rules,Search in complex environments,2,"Basic differentiation rules are essential in computer science for optimization techniques in complex environments, particularly in local search algorithms like gradient ascent and the Newton-Raphson method. Gradient ascent uses the gradient, a vector of partial derivatives, to iteratively update the current state \(x\) by moving in the direction of steepest ascent, \(x \gets x + \alpha \nabla f(x)\), where \(\alpha\) is the step size. Similarly, the Newton-Raphson method refines estimates for roots of functions using derivatives, \(x \gets x - g(x)/g'(x)\). These methods rely on differentiation rules to compute gradients and derivatives accurately, enabling efficient navigation of high-dimensional search spaces. For example, optimizing airport locations involves calculating gradients locally to adjust coordinates for maximum efficiency.",AI_Russell_Norvig.pdf (p.150); AI_Russell_Norvig.pdf (p.151); AI_Russell_Norvig.pdf (p.151); AI_Russell_Norvig.pdf (p.799); AI_Russell_Norvig.pdf (p.141); AI_Russell_Norvig.pdf (p.868)
Calculus I,Basic differentiation rules,Simple decision making,1,"Basic differentiation rules, such as the power rule, are foundational in calculus and play a key role in computer science for decision-making processes. Differentiation provides a way to analyze how a function changes, which is crucial for optimizing algorithms or making decisions based on rates of change. For example, in a logical reasoning system, differentiation can simplify expressions like \(f(x) = x^2\) to \(f'(x) = 2x\), enabling efficient evaluation of conditions or thresholds. This principle can also be extended to memoization, where storing derivative results avoids redundant computation, improving performance in iterative decision-making tasks.","AI_Russell_Norvig.pdf (p.799); AI_Russell_Norvig.pdf (p.800); Marschner, Shirley - Fundamentals of Computer Graphics (4th ed).pdf (p.47); AI_Russell_Norvig.pdf (p.799); AI_Russell_Norvig.pdf (p.879); Marschner, Shirley - Fundamentals of Computer Graphics (4th ed).pdf (p.387)"
Calculus I,Basic differentiation rules,Learning from examples,2,"Basic differentiation rules are essential in machine learning, particularly in optimizing models during training. For example, in linear regression, the loss function \( L(w) = \sum_{j}(w_1x_j + w_0 - y_j)^2 \) quantifies the error between predictions and actual values. To minimize this loss, partial derivatives with respect to \( w_0 \) and \( w_1 \) are computed using differentiation rules, guiding weight updates via gradient descent: \( w_0 \gets w_0 + \alpha(y - h_w(x)) \) and \( w_1 \gets w_1 + \alpha(y - h_w(x))x \). Similarly, in logistic regression, the derivative of the logistic function \( g'(z) = g(z)(1 - g(z)) \) is used to adjust weights. These differentiation rules enable efficient learning from examples by iteratively reducing error.",AI_Russell_Norvig.pdf (p.745); AI_Russell_Norvig.pdf (p.738); AI_Russell_Norvig.pdf (p.737); AI_Russell_Norvig.pdf (p.799); AI_Russell_Norvig.pdf (p.746); AI_Russell_Norvig.pdf (p.739)
Calculus I,Basic differentiation rules,Learning probabilistic models,2,"Basic differentiation rules are essential in learning probabilistic models, particularly for parameter estimation tasks like maximum likelihood estimation (MLE). MLE involves finding the parameter values that maximize the likelihood function, which quantifies how well the model explains the observed data. To achieve this, one typically computes the derivative of the log-likelihood function with respect to the model parameters and solves for where the derivative equals zero, indicating critical points. For example, in a Bayesian network, the derivative of the log-likelihood function helps identify optimal conditional probabilities. Thus, differentiation provides the mathematical foundation for optimizing probabilistic models efficiently.",AI_Russell_Norvig.pdf (p.844); AI_Russell_Norvig.pdf (p.847); AI_Russell_Norvig.pdf (p.821); AI_Russell_Norvig.pdf (p.826); AI_Russell_Norvig.pdf (p.825); AI_Russell_Norvig.pdf (p.799)
Calculus I,Basic differentiation rules,Deep learning,2,"Basic differentiation rules are fundamental in deep learning, particularly for optimizing neural networks. During training, the loss function, \( L(w) \), quantifies the error between predicted and actual outputs. To minimize this loss, gradient descent is employed, which requires computing partial derivatives of \( L(w) \) with respect to model parameters \( w \). For example, if \( L(w) = (y - hw(x))^2 \), differentiation yields \( \frac{\partial L}{\partial w_0} = -2(y - hw(x)) \) and \( \frac{\partial L}{\partial w_1} = -2(y - hw(x))x \). These derivatives guide parameter updates to reduce loss. Basic rules like \( \frac{d}{dx}x^2 = 2x \) and the chain rule are essential for deriving gradients efficiently, enabling neural networks to learn from data.",AI_Russell_Norvig.pdf (p.799); AI_Russell_Norvig.pdf (p.738); AI_Russell_Norvig.pdf (p.739); AI_Russell_Norvig.pdf (p.776); AI_Russell_Norvig.pdf (p.737); AI_Russell_Norvig.pdf (p.799)
Calculus I,Basic differentiation rules,Reinforcement learning,1,"In reinforcement learning, differentiation plays a critical role in optimizing policies and value functions. Specifically, the gradient of an error function, such as \( E_j(s) = \frac{1}{2}(\hat{U}_\theta(s) - u_j(s))^2 \), is computed with respect to parameters \(\theta_i\) to minimize prediction errors. Using basic differentiation rules, such as the power rule, we calculate partial derivatives like \(\frac{\partial E_j(s)}{\partial \theta_i}\) to adjust parameters iteratively: \(\theta_i \gets \theta_i + \alpha (u_j(s) - \hat{U}_\theta(s)) \frac{\partial \hat{U}_\theta(s)}{\partial \theta_i}\). For example, in Q-learning, these updates refine the Q-function approximation, enabling the agent to generalize from past experiences and improve decision-making. Thus, differentiation underpins the learning process in reinforcement learning algorithms.","AI_Russell_Norvig.pdf (p.866); AI_Russell_Norvig.pdf (p.866); AI_Russell_Norvig.pdf (p.865); AI_Russell_Norvig.pdf (p.799); Marschner, Shirley - Fundamentals of Computer Graphics (4th ed).pdf (p.47); AI_Russell_Norvig.pdf (p.867)"
Calculus I,Logarithmic and exponential derivatives,Learning from examples,2,"Logarithmic and exponential derivatives are essential in machine learning, particularly in optimizing models like logistic regression. Logistic regression uses the logistic function \( g(z) = \frac{1}{1 + e^{-z}} \), whose derivative \( g'(z) = g(z)(1 - g(z)) \) is crucial for gradient-based optimization methods such as gradient descent. These derivatives help compute the gradient of the loss function, guiding updates to model parameters to minimize prediction errors. For example, in logistic regression, the weight update formula \( w_i \gets w_i + \alpha (y - h_w(x)) h_w(x)(1 - h_w(x)) \) relies on \( g'(z) \) to adjust weights effectively. This connection demonstrates how calculus underpins learning algorithms in computer science.",AI_Russell_Norvig.pdf (p.745); AI_Russell_Norvig.pdf (p.779); AI_Russell_Norvig.pdf (p.738); AI_Russell_Norvig.pdf (p.737); AI_Russell_Norvig.pdf (p.746); AI_Russell_Norvig.pdf (p.799)
Calculus I,Logarithmic and exponential derivatives,Learning probabilistic models,2,"Logarithmic and exponential derivatives are essential in learning probabilistic models, particularly when optimizing parameters in statistical methods like logistic regression or Bayesian networks. In these models, the log-likelihood function is often used because logarithms simplify complex probability expressions into additive terms, enabling efficient computation of derivatives. For example, in logistic regression, the gradient of the loss function involves the derivative of the logistic function, which is computed using the chain rule. Similarly, in Bayesian parameter estimation, derivatives of log-likelihoods with respect to model parameters help identify optimal values. These derivatives guide optimization algorithms, such as gradient descent, to minimize loss or maximize likelihood, ensuring accurate probabilistic predictions.",AI_Russell_Norvig.pdf (p.827); AI_Russell_Norvig.pdf (p.541); AI_Russell_Norvig.pdf (p.511); AI_Russell_Norvig.pdf (p.845); AI_Russell_Norvig.pdf (p.745); AI_Russell_Norvig.pdf (p.1110)
Calculus I,The chain rule,Learning from examples,2,"The chain rule is essential in machine learning, particularly for optimizing models through gradient descent. Gradient descent minimizes a loss function \( L(w) \), which quantifies prediction errors, by iteratively updating model parameters \( w \) in the direction of steepest descent. The chain rule enables the computation of partial derivatives when \( L(w) \) depends on intermediate variables, such as the output of a hypothesis function \( h_w(x) \). For example, in linear regression, the gradient of \( L(w) = (y - h_w(x))^2 \) with respect to \( w \) involves applying the chain rule to \( h_w(x) = w_1x + w_0 \). This systematic differentiation is crucial for learning from examples and refining model predictions.",AI_Russell_Norvig.pdf (p.799); AI_Russell_Norvig.pdf (p.738); AI_Russell_Norvig.pdf (p.1109); AI_Russell_Norvig.pdf (p.745); AI_Russell_Norvig.pdf (p.739); AI_Russell_Norvig.pdf (p.776)
Calculus I,The chain rule,Learning probabilistic models,2,"The chain rule in calculus is essential for learning probabilistic models, particularly in parameter estimation tasks like Maximum Likelihood Estimation (MLE). Probabilistic models often involve optimizing a likelihood function, which depends on multiple parameters. To compute the gradient of the likelihood with respect to these parameters, the chain rule is applied to handle nested dependencies between variables. For example, in Bayesian networks, the likelihood of observed data may depend on conditional probabilities, which are functions of model parameters. Using the chain rule allows efficient computation of gradients, enabling iterative optimization methods like gradient descent to refine parameters and improve model accuracy.",AI_Russell_Norvig.pdf (p.844); AI_Russell_Norvig.pdf (p.825); AI_Russell_Norvig.pdf (p.845); AI_Russell_Norvig.pdf (p.821); AI_Russell_Norvig.pdf (p.571); AI_Russell_Norvig.pdf (p.826)
Calculus I,The chain rule,Deep learning,2,"The chain rule is fundamental in deep learning for computing gradients during backpropagation, which is essential for training neural networks. In backpropagation, the loss function \( L \) is minimized by adjusting weights \( w \) using gradient descent. The chain rule enables the calculation of partial derivatives of \( L \) with respect to weights across multiple layers. For example, if \( L \) depends on intermediate activations \( a \), and \( a \) depends on weights \( w \), the chain rule computes \( \frac{\partial L}{\partial w} = \frac{\partial L}{\partial a} \cdot \frac{\partial a}{\partial w} \). This recursive application allows efficient propagation of gradients through the network, ensuring accurate weight updates.","AI_Russell_Norvig.pdf (p.799); Marschner, Shirley - Fundamentals of Computer Graphics (4th ed).pdf (p.47); AI_Russell_Norvig.pdf (p.738); AI_Russell_Norvig.pdf (p.754); AI_Russell_Norvig.pdf (p.739); AI_Russell_Norvig.pdf (p.753)"
Calculus I,Rates of change and exponential models,Computer vision,1,"In computer vision, rates of change and exponential models are essential for analyzing image data and detecting features. Edge detection, for instance, identifies regions in an image where brightness changes sharply, corresponding to high spatial gradients \( \nabla I(x, y) \). These gradients represent rates of change in pixel intensity, helping to locate boundaries or transitions in the scene. Similarly, optical flow estimates motion by analyzing changes in pixel positions over time, modeled as \( v = \frac{\Delta x}{\Delta t} \), where \( v \) is the velocity of movement. Both processes rely on calculus concepts to extract meaningful patterns, enabling tasks like object recognition and motion tracking in dynamic environments.","AI_Russell_Norvig.pdf (p.986); AI_Russell_Norvig.pdf (p.987); AI_Russell_Norvig.pdf (p.955); AI_Russell_Norvig.pdf (p.955); Marschner, Shirley - Fundamentals of Computer Graphics (4th ed).pdf (p.531); Marschner, Shirley - Fundamentals of Computer Graphics (4th ed).pdf (p.535)"
Calculus I,The shape of graphs and concavity,Deep learning,1,"The shape of graphs and concavity are crucial in deep learning, particularly in understanding activation functions within neural networks. Activation functions, such as sigmoid or ReLU, determine the output of neurons and influence the network's ability to model nonlinear relationships. The derivative \( g'(x) \) of an activation function reflects its slope, which impacts gradient-based optimization methods like backpropagation. For example, sigmoid functions are differentiable and exhibit concavity changes, enabling smooth transitions in outputs but may suffer from the ""vanishing gradient"" problem when \( g'(x) \) approaches zero for large inputs. This problem affects learning efficiency, highlighting the importance of function shape in designing effective neural networks.","AI_Russell_Norvig.pdf (p.781); AI_Russell_Norvig.pdf (p.748); AI_Russell_Norvig.pdf (p.755); AI_Russell_Norvig.pdf (p.747); AI_Russell_Norvig.pdf (p.751); Marschner, Shirley - Fundamentals of Computer Graphics (4th ed).pdf (p.48)"
Calculus I,Optimization,Search in complex environments,2,"Optimization in calculus is directly applicable to search problems in computer science, where the goal is to find the best solution within a complex environment. Search algorithms often aim to minimize or maximize a cost function, which mirrors the calculus concept of finding extrema of a function \(f(x)\). For example, in robotic navigation, the state space represents possible paths, and optimization techniques are used to identify the path with minimal cost, such as shortest distance or least energy consumption. Methods like simulated annealing or genetic algorithms leverage optimization principles to explore solutions efficiently, demonstrating the interplay between calculus-based optimization and computational search strategies.",AI_Russell_Norvig.pdf (p.127); AI_Russell_Norvig.pdf (p.174); Introduction_to_algorithms-3rd Edition.pdf (p.380); AI_Russell_Norvig.pdf (p.148); AI_Russell_Norvig.pdf (p.38); AI_Russell_Norvig.pdf (p.129)
Calculus I,Optimization,Learning from examples,1,"Optimization in calculus plays a critical role in machine learning, particularly in learning from examples. Machine learning models often aim to minimize a loss function \( L(w) \), which quantifies the error between predicted outputs and actual data. This process involves finding optimal parameters \( w \) (e.g., weights in linear regression) that minimize \( L(w) \). For example, in linear regression, the loss function \( L(w_0, w_1) = \sum_j (w_1 x_j + w_0 - y_j)^2 \) is convex, ensuring a single global minimum. Calculus techniques, such as gradient descent, are used to iteratively adjust \( w \) toward this minimum, enabling the model to learn effectively from data.",AI_Russell_Norvig.pdf (p.1087); Introduction_to_algorithms-3rd Edition.pdf (p.380); AI_Russell_Norvig.pdf (p.1109); AI_Russell_Norvig.pdf (p.799); AI_Russell_Norvig.pdf (p.174); AI_Russell_Norvig.pdf (p.737)
Calculus I,Optimization,Learning probabilistic models,1,"Optimization in calculus is central to learning probabilistic models in computer science, particularly for parameter estimation tasks like Maximum Likelihood Estimation (MLE) and Maximum a Posteriori (MAP) estimation. These methods aim to find the optimal parameters \(\theta\) that maximize a likelihood function \(L(\theta)\) or a posterior probability \(P(\theta | \text{data})\). For example, MAP estimation involves solving an optimization problem to identify the most probable hypothesis given prior beliefs and observed data, as opposed to performing complex summations or integrations. This connection highlights how calculus-based optimization techniques enable efficient learning in probabilistic models, which are foundational in areas like Bayesian networks and density estimation.",AI_Russell_Norvig.pdf (p.844); AI_Russell_Norvig.pdf (p.825); Introduction_to_algorithms-3rd Edition.pdf (p.136); AI_Russell_Norvig.pdf (p.1087); AI_Russell_Norvig.pdf (p.821); AI_Russell_Norvig.pdf (p.823)
Calculus I,Optimization,Deep learning,1,"Optimization in calculus is fundamental to deep learning, where the goal is to minimize a loss function that quantifies prediction errors. In deep learning, models adjust parameters (weights and biases) to reduce the loss, often using gradient descent methods. Gradient descent iteratively updates parameters by computing the gradient of the loss function with respect to each parameter, guiding the model toward optimal values. For example, in training a neural network, the loss function might measure the difference between predicted and actual outputs. By minimizing this loss, the model improves its accuracy. This process directly applies calculus concepts like derivatives and critical points to achieve optimal performance.",AI_Russell_Norvig.pdf (p.1109); AI_Russell_Norvig.pdf (p.1111); AI_Russell_Norvig.pdf (p.776); AI_Russell_Norvig.pdf (p.1087); AI_Russell_Norvig.pdf (p.737); AI_Russell_Norvig.pdf (p.874)
Calculus I,Optimization,Robotics,1,"Optimization in calculus plays a critical role in robotics, particularly in designing controllers that guide robots to achieve specific objectives efficiently. By leveraging gradients and cost functions, optimal controllers adjust robot actions in real-time to minimize errors or maximize performance metrics, such as energy efficiency or path safety. For example, potential field techniques use a cost function combining distance to obstacles and proximity to a goal, enabling robots to navigate while avoiding collisions. Calculus-based optimization ensures that robots can adapt dynamically to environmental changes, improving their ability to follow paths or achieve tasks with precision and reliability.",AI_Russell_Norvig.pdf (p.1016); AI_Russell_Norvig.pdf (p.1029); AI_Russell_Norvig.pdf (p.1019); AI_Russell_Norvig.pdf (p.1035); AI_Russell_Norvig.pdf (p.1010); AI_Russell_Norvig.pdf (p.1100)
Calculus I,Newton's method,Search in complex environments,2,"Newton's method is a powerful tool in computer science for solving optimization problems in complex environments, particularly when searching for solutions in continuous spaces. It refines estimates for the roots of a function \( g(x) = 0 \) using the update formula \( x \leftarrow x - \frac{g(x)}{g'(x)} \). In optimization, this translates to finding points where the gradient \( \nabla f(x) \) is zero, indicating local maxima, minima, or saddle points. For example, in high-dimensional search spaces, Newton's method can efficiently navigate toward optimal solutions by leveraging gradient and Hessian information, though approximations may be necessary due to computational costs. This method is especially useful in scenarios like optimizing resource placement or navigating belief-state spaces in partially observable environments.",AI_Russell_Norvig.pdf (p.151); AI_Russell_Norvig.pdf (p.173); AI_Russell_Norvig.pdf (p.151); AI_Russell_Norvig.pdf (p.151); AI_Russell_Norvig.pdf (p.173); AI_Russell_Norvig.pdf (p.150)
Calculus I,Definite integrals,Probabilistic reasoning,1,"Definite integrals play a crucial role in probabilistic reasoning, particularly in modeling uncertainty with smooth transitions, such as soft thresholds. For example, the integral of the standard normal distribution, \( \Phi(x) = \int_{-\infty}^x N(0,1)(t) \, dt \), is used in the probit model to represent probabilities that transition smoothly rather than abruptly. In this context, definite integrals quantify cumulative probabilities, enabling the calculation of the likelihood of events over continuous ranges. This is essential in AI systems for decision-making under uncertainty, such as predicting the probability of a user purchasing a product based on cost. Understanding integrals helps computer scientists design and analyze such probabilistic models effectively.",AI_Russell_Norvig.pdf (p.522); AI_Russell_Norvig.pdf (p.655); AI_Russell_Norvig.pdf (p.540); AI_Russell_Norvig.pdf (p.541); AI_Russell_Norvig.pdf (p.565); AI_Russell_Norvig.pdf (p.744)
Calculus I,Definite integrals,Probabilistic reasoning over time,1,"Definite integrals play a crucial role in probabilistic reasoning over time, particularly in modeling and predicting systems with uncertainty. In AI, probabilistic reasoning often involves calculating probabilities over continuous variables, such as time or sensor data. Definite integrals allow us to compute the total probability across a range of values, ensuring that the probability distribution is normalized and meaningful. For example, in a hidden Markov model, the forward algorithm uses integration to compute the likelihood of observations over time by summing probabilities across states. This connection between calculus and AI enables precise reasoning in dynamic, uncertain environments, such as speech recognition or robotics.",AI_Russell_Norvig.pdf (p.502); AI_Russell_Norvig.pdf (p.799); AI_Russell_Norvig.pdf (p.522); Introduction_to_algorithms-3rd Edition.pdf (p.136); AI_Russell_Norvig.pdf (p.565); AI_Russell_Norvig.pdf (p.1094)
Calculus I,Definite integrals,Learning probabilistic models,1,"Definite integrals play a crucial role in learning probabilistic models, particularly in ensuring probability distributions are valid. For example, the integral of a probability density function (PDF), such as a Gaussian \( f(x) = \frac{1}{\sqrt{2\pi}\sigma} e^{-\frac{(x-\mu)^2}{2\sigma^2}} \), over its entire domain must equal 1 to satisfy the normalization condition of probabilities. In machine learning, probabilistic models like Bayesian networks rely on such distributions to represent uncertainty and make predictions. By calculating definite integrals, algorithms ensure that learned models adhere to probability theory, enabling accurate inference and decision-making in uncertain environments. For instance, integrating a Gaussian PDF validates its use in modeling continuous random variables.",AI_Russell_Norvig.pdf (p.821); AI_Russell_Norvig.pdf (p.502); AI_Russell_Norvig.pdf (p.522); Introduction_to_algorithms-3rd Edition.pdf (p.136); AI_Russell_Norvig.pdf (p.577); AI_Russell_Norvig.pdf (p.845)
Calculus I,Definite integrals,Robotics,1,"Definite integrals are essential in robotics for tasks like motion planning and control. In dynamic systems, a robot's state, such as position or velocity, often evolves according to differential equations. To compute quantities like total displacement or energy consumption over time, definite integrals are used to aggregate these continuous changes. For example, a robot following a preplanned path might use a PID controller to minimize deviations, where the integral term accounts for accumulated errors over time. Additionally, integrals are applied in potential field methods to calculate forces guiding a robot toward a goal while avoiding obstacles, ensuring smooth and efficient navigation.","AI_Russell_Norvig.pdf (p.1029); AI_Russell_Norvig.pdf (p.1016); AI_Russell_Norvig.pdf (p.1016); Marschner, Shirley - Fundamentals of Computer Graphics (4th ed).pdf (p.353); AI_Russell_Norvig.pdf (p.1008); AI_Russell_Norvig.pdf (p.415)"
Calculus I,The fundamental theorem of calculus,Simple decision making,1,"The fundamental theorem of calculus (FTC) connects differentiation and integration, which is essential for understanding the relationship between the cumulative distribution function (CDF) and the probability density function (PDF) in probability theory. In computer science, this relationship is crucial for decision-making processes involving probabilistic models. The CDF, \( F(x) = \int_{-\infty}^x f(t) \, dt \), represents the probability that a random variable \( X \) is less than or equal to \( x \), while the PDF, \( f(x) = \frac{dF(x)}{dx} \), provides the likelihood of \( X \) taking a specific value. For example, in machine learning, the PDF helps evaluate the likelihood of data points, while the CDF aids in threshold-based decisions, such as classifying data into categories. Understanding the FTC ensures accurate interpretation and application of these functions in computational tasks.","AI_Russell_Norvig.pdf (p.1076); Marschner, Shirley - Fundamentals of Computer Graphics (4th ed).pdf (p.358); Marschner, Shirley - Fundamentals of Computer Graphics (4th ed).pdf (p.359); AI_Russell_Norvig.pdf (p.506); AI_Russell_Norvig.pdf (p.661); Introduction_to_algorithms-3rd Edition.pdf (p.1218)"
Calculus I,Indefinite integrals and the net change theorem,Deep learning,1,"Indefinite integrals and the net change theorem are foundational in deep learning, particularly in probabilistic models and optimization. For example, cross-entropy loss, a common objective function in neural networks, involves integrating probability density functions to measure divergence between predicted and true distributions. Similarly, variational inference uses integrals to approximate complex probability distributions, such as KL divergence, which quantifies the difference between two distributions. These integrals often cannot be solved analytically and require numerical methods. Understanding the calculus behind these operations enables precise implementation and optimization in deep learning frameworks, ensuring accurate model training and probabilistic reasoning.","Marschner, Shirley - Fundamentals of Computer Graphics (4th ed).pdf (p.353); AI_Russell_Norvig.pdf (p.1096); Marschner, Shirley - Fundamentals of Computer Graphics (4th ed).pdf (p.359); AI_Russell_Norvig.pdf (p.574); AI_Russell_Norvig.pdf (p.780); AI_Russell_Norvig.pdf (p.845)"
Calculus I,Logarithmic and exponential integrals,Probabilistic reasoning over time,1,"Logarithmic and exponential integrals play a crucial role in probabilistic reasoning over time, particularly in modeling and predicting dynamic systems. In probabilistic reasoning, the belief state evolves by projecting the current state distribution forward and updating it with new evidence, often requiring integration over probability distributions. For example, the one-step predicted distribution \( P(X_{t+1} | e_{1:t}) \) involves integrating exponential functions derived from prior probabilities and conditional probabilities, as seen in Bayesian inference. These integrals allow agents to compute probabilities of future states efficiently, enabling decision-making in uncertain environments, such as predicting sensor readings or planning actions in robotics.",AI_Russell_Norvig.pdf (p.502); AI_Russell_Norvig.pdf (p.502); AI_Russell_Norvig.pdf (p.591); AI_Russell_Norvig.pdf (p.522); Introduction_to_algorithms-3rd Edition.pdf (p.136); AI_Russell_Norvig.pdf (p.821)
Calculus I,Logarithmic and exponential integrals,Learning probabilistic models,2,"Logarithmic and exponential integrals are essential in learning probabilistic models because they often arise in the computation of probabilities and likelihoods, especially in Bayesian inference. Probabilistic models rely on integrating over continuous probability distributions to calculate posterior probabilities or expected values, which frequently involve functions like \(e^x\) or \(\ln(x)\). For example, in Bayesian learning, the posterior probability of a hypothesis given evidence requires integrating the product of prior probabilities and likelihood functions. These integrals help agents update their belief states and make predictions in uncertain environments. Understanding these calculus concepts enables efficient computation and optimization in probabilistic reasoning tasks, such as training neural networks or modeling complex systems.",AI_Russell_Norvig.pdf (p.502); AI_Russell_Norvig.pdf (p.522); Introduction_to_algorithms-3rd Edition.pdf (p.136); AI_Russell_Norvig.pdf (p.502); AI_Russell_Norvig.pdf (p.821); AI_Russell_Norvig.pdf (p.541)
Calculus II,Probability applications,Probabilistic reasoning,1,"Probability applications in calculus are foundational for probabilistic reasoning in computer science, particularly in handling uncertainty and making decisions under incomplete information. The integral of probability density functions, such as the standard normal distribution, is used to calculate probabilities over continuous ranges, which is critical for defining thresholds or confidence intervals. In AI, probabilistic reasoning leverages these principles to model beliefs and uncertainties, enabling agents to make decisions that maximize expected utility. For example, in diagnosing a system failure, an AI might calculate the probability of various causes using conditional probabilities and integrate over distributions to determine the most likely cause, guiding effective action.",AI_Russell_Norvig.pdf (p.502); AI_Russell_Norvig.pdf (p.522); Introduction_to_algorithms-3rd Edition.pdf (p.136); AI_Russell_Norvig.pdf (p.655); AI_Russell_Norvig.pdf (p.576); AI_Russell_Norvig.pdf (p.585)
Calculus II,Probability applications,Probabilistic reasoning over time,2,"Probabilistic reasoning over time in computer science relies on calculus-based probability theory to model and predict changes in uncertain environments. Specifically, the one-step predicted distribution of a system's state is computed using integrals that account for prior probabilities and new evidence, as described by Bayes' rule. For example, in a dynamic system, the probability of a future state \( P(X_{t+1} | e_{1:t+1}) \) is derived by projecting the current state \( P(X_{t+1} | e_{1:t}) \) forward and updating it with new observations \( P(e_{t+1} | X_{t+1}) \). This approach enables agents to make informed decisions under uncertainty, crucial for applications like robotics and AI planning.",AI_Russell_Norvig.pdf (p.502); AI_Russell_Norvig.pdf (p.502); AI_Russell_Norvig.pdf (p.522); Introduction_to_algorithms-3rd Edition.pdf (p.136); AI_Russell_Norvig.pdf (p.821); AI_Russell_Norvig.pdf (p.591)
Calculus II,Probability applications,Simple decision making,2,"Probability theory and calculus play a crucial role in simple decision-making in computer science by enabling rational agents to choose actions that maximize expected utility. Using integrals, stochastic dominance compares actions based on their probability distributions, identifying the action that consistently leads to better outcomes. For example, in decision networks, which extend Bayesian networks, probability and utility nodes are combined to evaluate actions under uncertainty. Calculus helps compute expected utilities by integrating over probability distributions, ensuring optimal decisions even with partial observability. This mathematical foundation allows systems to handle uncertainty effectively, making decisions robust and applicable to real-world scenarios.",AI_Russell_Norvig.pdf (p.629); AI_Russell_Norvig.pdf (p.502); AI_Russell_Norvig.pdf (p.522); AI_Russell_Norvig.pdf (p.655); AI_Russell_Norvig.pdf (p.72); AI_Russell_Norvig.pdf (p.655)
Calculus II,Probability applications,Learning probabilistic models,2,"In computer science, learning probabilistic models is essential for handling uncertainty in complex, nondeterministic, or partially observable environments. Calculus plays a key role in this process, as probabilities are often computed using integrals to quantify the likelihood of events over continuous domains. For example, the probability density function \( f(x) \) can be integrated over an interval \([a, b]\) to find the probability \( P(a \leq X \leq b) = \int_a^b f(x) \, dx \). Probabilistic models, such as Bayesian networks, rely on these calculations to infer relationships and make predictions based on observed data. This connection enables agents to reason under uncertainty and optimize decisions, such as selecting actions that maximize expected utility.",Introduction_to_algorithms-3rd Edition.pdf (p.136); AI_Russell_Norvig.pdf (p.522); AI_Russell_Norvig.pdf (p.821); AI_Russell_Norvig.pdf (p.502); AI_Russell_Norvig.pdf (p.502); AI_Russell_Norvig.pdf (p.655)
Calculus II,Probability applications,Deep learning,2,"In deep learning, probability concepts and calculus integrals are foundational for modeling uncertainty and optimizing neural networks. For example, the cross-entropy loss function, widely used in classification tasks, measures the difference between predicted probabilities and actual labels. It is defined as an integral over the probability distribution, \(-\int p(x) \log q(x) dx\), where \(p(x)\) is the true distribution and \(q(x)\) is the predicted distribution. Similarly, KL divergence, used in variational inference, quantifies the difference between two probability distributions via an integral. These probabilistic measures guide learning algorithms, enabling neural networks to adjust weights effectively during training, ensuring accurate predictions and robust models.","Marschner, Shirley - Fundamentals of Computer Graphics (4th ed).pdf (p.352); Marschner, Shirley - Fundamentals of Computer Graphics (4th ed).pdf (p.359); AI_Russell_Norvig.pdf (p.845); AI_Russell_Norvig.pdf (p.739); AI_Russell_Norvig.pdf (p.780); Marschner, Shirley - Fundamentals of Computer Graphics (4th ed).pdf (p.353)"
Calculus II,Probability applications,Robotics,2,"In robotics, probabilistic methods are essential for tasks like perception and decision-making in uncertain environments. Calculus plays a key role in these methods, particularly through integrals used in recursive filtering equations. For example, the belief state \( P(X_{t+1} | z_{1:t+1}, a_{1:t}) \), representing the robot's understanding of its environment, is updated using integrals to account for continuous variables: \( P(X_{t+1} | z_{1:t+1}, a_{1:t}) = \alpha P(z_{t+1} | X_{t+1}) \int P(X_{t+1} | x_t, a_t) P(x_t | z_{1:t}, a_{1:t-1}) dx_t \). This integration enables the robot to combine sensor data and actions efficiently, improving navigation and decision-making in dynamic settings.","AI_Russell_Norvig.pdf (p.998); AI_Russell_Norvig.pdf (p.997); AI_Russell_Norvig.pdf (p.502); AI_Russell_Norvig.pdf (p.502); Marschner, Shirley - Fundamentals of Computer Graphics (4th ed).pdf (p.353); AI_Russell_Norvig.pdf (p.1085)"
Calculus II,Introduction to differential equations,Robotics,2,"Differential equations play a crucial role in robotics by modeling dynamic systems, such as the motion of a robot. These equations describe how quantities like position, velocity, and acceleration change over time, enabling precise predictions of a robot's state. For example, the kinematic state of a robot, represented as \( X_t = (x_t, y_t, \theta_t)^\top \), can be updated using a differential equation that incorporates velocity (\(v_t\)) and angular velocity (\(\omega_t\)). This allows the robot to compute its future pose based on current motion inputs. Such models are essential for tasks like path planning and control, ensuring robots navigate safely and efficiently in dynamic environments.",AI_Russell_Norvig.pdf (p.998); AI_Russell_Norvig.pdf (p.999); AI_Russell_Norvig.pdf (p.1100); AI_Russell_Norvig.pdf (p.1016); AI_Russell_Norvig.pdf (p.992); AI_Russell_Norvig.pdf (p.1016)
Calculus II,Series,Complex decision making,1,"In computer science, series, particularly geometric series, play a crucial role in complex decision-making scenarios, such as optimizing sequential actions in Markov Decision Processes (MDPs). For example, when evaluating the utility of an infinite sequence of rewards in MDPs, a geometric series is used to compute a finite value by applying a discount factor \( \gamma \) (where \( 0 < \gamma < 1 \)). The utility \( U \) of a sequence \( [s_0, s_1, s_2, \dots] \) is calculated as \( U = \sum_{t=0}^\infty \gamma^t R(s_t) \), ensuring convergence to a manageable value. This mathematical tool enables rational agents to make decisions in environments with long-term consequences, balancing immediate and future rewards effectively.",AI_Russell_Norvig.pdf (p.669); Introduction_to_algorithms-3rd Edition.pdf (p.1164); Introduction_to_algorithms-3rd Edition.pdf (p.1166); Introduction_to_algorithms-3rd Edition.pdf (p.1178); Introduction_to_algorithms-3rd Edition.pdf (p.1173); AI_Russell_Norvig.pdf (p.29)
Calculus II,Taylor series,Robotics,1,"The Taylor series is essential in robotics for approximating nonlinear functions with simpler linear models, enabling efficient computation and real-time decision-making. For instance, in robot motion planning, a nonlinear motion model \( f(x_t, a_t) \) can be linearized around the mean state estimate \( \mu_t \) using a first-degree Taylor expansion: \( \tilde{f}(x_t, a_t) = f(\mu_t, a_t) + F_t(x_t - \mu_t) \), where \( F_t \) is the Jacobian matrix. This linearization simplifies calculations, such as predicting the robot's future state or updating uncertainty in localization tasks, as seen in extended Kalman filters. By leveraging Taylor series, robots can efficiently navigate and adapt to dynamic environments.","AI_Russell_Norvig.pdf (p.1000); Marschner, Shirley - Fundamentals of Computer Graphics (4th ed).pdf (p.441); AI_Russell_Norvig.pdf (p.1003); Introduction_to_algorithms-3rd Edition.pdf (p.327); Marschner, Shirley - Fundamentals of Computer Graphics (4th ed).pdf (p.381); AI_Russell_Norvig.pdf (p.1018)"